{
  "info": {
    "version": "0.1",
    "exportDate": "2018-06-29T16:28:06.720Z"
  },
  "chartspec": {
    "scales": [{
      "scalename": "majorscale",
      "scalefield": "qDimensionInfo/0",
      "scaleinvert": false,
      "scaletype": "",
      "scaleinclude": "",
      "scaleexpand": 0,
      "scalepadding": 0.11,
      "cId": "JpxYyvD"
    }, {
      "scalename": "minorscale",
      "scalefield": "qMeasureInfo/0",
      "scaleinvert": true,
      "scaletype": "linear",
      "scaleinclude": "0",
      "scaleexpand": 0,
      "scalepadding": 0,
      "cId": "avmXbj"
    }],
    "components": {
      "axis": [{
        "dockeditemtype": "axis",
        "axisscale": "minorscale",
        "axisdock": "left",
        "axislabelmode": "auto",
        "axistiltangle": 0,
        "legendtype": "legend-cat",
        "colorscale": "",
        "cId": "AhLjzpa"
      }, {
        "dockeditemtype": "axis",
        "axisscale": "majorscale",
        "axisdock": "bottom",
        "axislabelmode": "auto",
        "axistiltangle": 0,
        "legendtype": "legend-cat",
        "colorscale": "",
        "cId": "PSaxJj"
      }],
      "layers": [{
        "layertype": "box",
        "layername": "Bar1",
        "layershow": true,
        "linetype": "line",
        "boxtype": "bar",
        "layerscale1": "majorscale",
        "layerfield1": "d0",
        "layerscale2": "minorscale",
        "layerfield2": "",
        "layerscale3": "",
        "layerfield3": "m0",
        "layerscale4": "",
        "layerfield4": "",
        "layerscale5": "",
        "layerfield5": "",
        "layerscale6": "",
        "layerfield6": "",
        "layerscale7": "",
        "layerfield7": "",
        "orientation": "vertical",
        "showpresentation": true,
        "layercurve": "linear",
        "primarycolor": {
          "index": 3
        },
        "primarywidth": 1,
        "primaryopacity": 1,
        "primarydashpattern": "",
        "secondarycolor": {
          "index": 3
        },
        "secondarywidth": 1,
        "secondaryopacity": 1,
        "thirdcolor": {
          "index": 1
        },
        "thirdwidth": 1,
        "forthcolor": {
          "index": 1
        },
        "forthwidth": 1,
        "fifthcolor": {
          "index": 1
        },
        "fifthwidth": 1,
        "showpointtype": true,
        "pointshape": "circle",
        "pointsize": 1,
        "showgridx": true,
        "showgridy": true,
        "showgridtickmajor": true,
        "showgridtickminor": true,
        "piepadangle": 0,
        "pieouterradius": 1,
        "pieinnerradius": 0,
        "piecornerradius": 0,
        "labelshow": false,
        "labelsize": 13,
        "labelintocolor": {
          "index": 2,
          "color": "#545352"
        },
        "labelinsidejustify": 0.5,
        "labelinsidealign": 0.5,
        "labelinsidecolor": {
          "index": 10,
          "color": "#ffffff"
        },
        "labeloutsidejustify": 0.5,
        "labeloutsidealign": 0.5,
        "labeloutsidecolor": {
          "index": 2,
          "color": "#545352"
        },
        "labeloppositejustify": 0.5,
        "labeloppositealign": 0.5,
        "labeloppositecolor": {
          "index": 2,
          "color": "#545352"
        },
        "cId": "uwpSC"
      }]
    }
  }
}
